old_path;new_card;initial_reading;title;authors;category;last_read;rating;series;series_index
Non-fiction/Адам Грант. Подумайте еще раз. Сила знания о незнании.md;Карточки/Адам Грант - Подумайте еще раз. Сила знания о незнании.md;Чтения/2024-10-04 - Адам Грант - Подумайте еще раз. Сила знания о незнании.md;Подумайте еще раз. Сила знания о незнании;Адам Грант;nonfiction;2024-10-04;;;
Non-fiction/Алан Д. Кастел. С возрастом только лучше. Технология успешного старения.md;Карточки/Алан Д. Кастел - С возрастом только лучше. Технология успешного старения.md;Чтения/2021-09-02 - Алан Д. Кастел - С возрастом только лучше. Технология успешного старения.md;С возрастом только лучше. Технология успешного старения;Алан Д. Кастел;nonfiction;2021-09-02;;;
Non-fiction/Александр Каминский. Мастер вождения автомобиля.md;Карточки/Александр Каминский - Мастер вождения автомобиля.md;Чтения/2022-07 - Александр Каминский - Мастер вождения автомобиля.md;Мастер вождения автомобиля;Александр Каминский;nonfiction;2022-07;;;
Non-fiction/Алексей Корнелюк/Алексей Корнелюк. 1. Судьба шлёт знаки, или На.md;Карточки/Алексей Корнелюк - 1. Судьба шлёт знаки, или На.md;Чтения/2023-08-14 - Алексей Корнелюк - 1. Судьба шлёт знаки, или На.md;1. Судьба шлёт знаки, или На...;Алексей Корнелюк;nonfiction;2023-08-14;;;
Non-fiction/Алексей Корнелюк/Алексей Корнелюк. 2. Наперегонки со счастьем.md;Карточки/Алексей Корнелюк - 2. Наперегонки со счастьем.md;Чтения/2023-08-17 - Алексей Корнелюк - 2. Наперегонки со счастьем.md;2. Наперегонки со счастьем;Алексей Корнелюк;nonfiction;2023-08-17;;;
Non-fiction/Алексей Корнелюк/Алексей Корнелюк. 4. Второй шанс умереть.md;Карточки/Алексей Корнелюк - 4. Второй шанс умереть.md;Чтения/2023-08-20 - Алексей Корнелюк - 4. Второй шанс умереть.md;4. Второй шанс умереть;Алексей Корнелюк;nonfiction;2023-08-20;;;
Non-fiction/Алексей Корнелюк/Алексей Корнелюк. 5. На небесах тебе нет места.md;Карточки/Алексей Корнелюк - 5. На небесах тебе нет места.md;Чтения/2023-10-21 - Алексей Корнелюк - 5. На небесах тебе нет места.md;5. На небесах тебе нет места;Алексей Корнелюк;nonfiction;2023-10-21;;;
Non-fiction/Алексей Корнелюк/Алексей Корнелюк. 6. Сцена после титров.md;Карточки/Алексей Корнелюк - 6. Сцена после титров.md;Чтения/2023-11-15 - Алексей Корнелюк - 6. Сцена после титров.md;6. Сцена после титров;Алексей Корнелюк;nonfiction;2023-11-15;;;
Non-fiction/Амиран Сардаров. Мужчина всегда прав.md;Карточки/Амиран Сардаров - Мужчина всегда прав.md;Чтения/2025-04-15 - Амиран Сардаров - Мужчина всегда прав.md;Мужчина всегда прав;Амиран Сардаров;nonfiction;2025-04-15;;;
Non-fiction/Андрей Кочергин. Мужик с топором.md;Карточки/Андрей Кочергин - Мужик с топором.md;Чтения/2025-04-10 - Андрей Кочергин - Мужик с топором.md;Мужик с топором;Андрей Кочергин;nonfiction;2025-04-10;;;
Non-fiction/Андрей Курпатов/Исправь свое детство.md;Карточки/Андрей Курпатов - Исправь свое детство.md;Чтения/2021-12 - Андрей Курпатов - Исправь свое детство.md;Исправь свое детство;Андрей Курпатов;nonfiction;2021-12;;;
Non-fiction/Андрей Курпатов/Красная таблетка.md;Карточки/Андрей Курпатов - Красная таблетка.md;Чтения/2021-12 - Андрей Курпатов - Красная таблетка.md;Красная таблетка;Андрей Курпатов;nonfiction;2021-12;;;
Non-fiction/Андрей Курпатов/Таблетка от страха.md;Карточки/Андрей Курпатов - Таблетка от страха.md;Чтения/2022-01-06 - Андрей Курпатов - Таблетка от страха.md;Таблетка от страха;Андрей Курпатов;nonfiction;2022-01-06;;;
Non-fiction/Андрей Курпатов/Три типа мышления.md;Карточки/Андрей Курпатов - 3 типа мышления.md;Чтения/2022-01 - Андрей Курпатов - 3 типа мышления.md;3 типа мышления;Андрей Курпатов;nonfiction;2022-01;;;
Non-fiction/Андрей Курпатов/Чертоги разума.md;Карточки/Андрей Курпатов - Чертоги разума.md;Чтения/2021-12 - Андрей Курпатов - Чертоги разума.md;Чертоги разума;Андрей Курпатов;nonfiction;2021-12;;;
Non-fiction/Ася Казанцева. Как мозг заставляет нас делать глупости.md;Карточки/Ася Казанцева - Как мозг заставляет нас делать глупости.md;Чтения/2025-05-06 - Ася Казанцева - Как мозг заставляет нас делать глупости.md;Как мозг заставляет нас делать глупости;Ася Казанцева;nonfiction;2025-05-06;;;
Non-fiction/Брюс Ли. Путь опережающего кулака.md;Карточки/Брюс Ли - Брюс ли. Путь опережающего кулака.md;Чтения/2022-08 - Брюс Ли - Брюс ли. Путь опережающего кулака.md;Брюс ли. Путь опережающего кулака;Брюс Ли | Владимир Касьянов (составитель);nonfiction;2022-08;;;
Non-fiction/Вадим Демчог. Самоосвобождающаяся Игра.md;Карточки/Вадим Демчог - Самоосвобождающаяся Игра.md;Чтения/2022-07 - Вадим Демчог - Самоосвобождающаяся Игра.md;Самоосвобождающаяся Игра;Вадим Демчог;nonfiction;2022-07;;;
Non-fiction/Вадим Уфимцев. Уличная драка и измененные состояния сознания.md;Карточки/Вадим Уфимцев - Уличная драка и измененные состояния сознания.md;Чтения/2022-07 - Вадим Уфимцев - Уличная драка и измененные состояния сознания.md;Уличная драка и измененные состояния сознания;Вадим Уфимцев;nonfiction;2022-07;;;
Non-fiction/Виктор Васильев. Белая книга.md;Карточки/Виктор Васильев - Белая книга.md;Чтения/2024-10-01 - Виктор Васильев - Белая книга.md;Белая книга;Виктор Васильев;nonfiction;2024-10-01;;;
Non-fiction/Владимир Век. Влюблённость и любовь как объекты научного исследования.md;Карточки/Владимир Век - Влюблённость и любовь как объекты научного исследования.md;Чтения/2025-05-07 - Владимир Век - Влюблённость и любовь как объекты научного исследования.md;Влюблённость и любовь как объекты научного исследования;Владимир Век;nonfiction;2025-05-07;;;
Non-fiction/Владимир Лебедев. Духи в зеркале психологии.md;Карточки/Владимир Лебедев - Духи в зеркале психологии.md;Чтения/2024-04-25 - Владимир Лебедев - Духи в зеркале психологии.md;Духи в зеркале психологии;Владимир Лебедев;nonfiction;2024-04-25;;;
Non-fiction/Гери Чепмен. Пять языков любви.md;Карточки/Гери Чепмен - Пять языков любви.md;Чтения/2021-09 - Гери Чепмен - Пять языков любви.md;Пять языков любви;Гери Чепмен;nonfiction;2021-09;;;
Non-fiction/Дарья Варламова. СЕКС. От нейробиологии либидо до виртуального порно.md;Карточки/Дарья Варламова - СЕКС. От нейробиологии либидо до виртуального порно.md;Чтения/2022-08 - Дарья Варламова - СЕКС. От нейробиологии либидо до виртуального порно.md;СЕКС. От нейробиологии либидо до виртуального порно.;Дарья Варламова | Елена Фоер;nonfiction;2022-08;;;
Non-fiction/Джеймс Борг. Секреты общения. Магия слов.md;Карточки/Джеймс Борг - Секреты общения. Магия слов.md;Чтения/2021-03-30 - Джеймс Борг - Секреты общения. Магия слов.md;Секреты общения. Магия слов;Джеймс Борг;nonfiction;2021-03-30;;;
Non-fiction/Джеймс Холлис. Перевал в середине пути.md;Карточки/Джеймс Холлис - Перевал в середине пути.md;Чтения/2021-08 - Джеймс Холлис - Перевал в середине пути.md;Перевал в середине пути;Джеймс Холлис;nonfiction;2021-08;;;
Non-fiction/Джеймс Холлис. Под тенью Сатурна.md;Карточки/Джеймс Холлис - Под тенью Сатурна.md;Чтения/2021-06 - Джеймс Холлис - Под тенью Сатурна.md;Под тенью Сатурна;Джеймс Холлис;nonfiction;2021-06;;;
Non-fiction/Джен Синсеро. Ни сы.md;Карточки/Джен Синсеро - Ни сы.md;Чтения/2023-01 - Джен Синсеро - Ни сы.md;Ни сы;Джен Синсеро;nonfiction;2023-01;;;
Non-fiction/Джесси Итцлер. Месяц на пределе. Как я жил и тренировался со спецназовцем.md;Карточки/Джесси Итцлер - Месяц на пределе. Как я жил и тренировался со спецназовцем.md;Чтения/2021-09-01 - Джесси Итцлер - Месяц на пределе. Как я жил и тренировался со спецназовцем.md;Месяц на пределе. Как я жил и тренировался со спецназовцем;Джесси Итцлер;nonfiction;2021-09-01;;;
Non-fiction/Джо Наварро. Я вижу о чём вы думаете.md;Карточки/Джо Наварро - Я вижу о чём вы думаете.md;Чтения/2022-10 - Джо Наварро - Я вижу о чём вы думаете.md;Я вижу о чём вы думаете;Джо Наварро;nonfiction;2022-10;;;
Non-fiction/Джон Готтман. 8 важных свиданий.md;Карточки/Джон Готтман - 8 важных свиданий.md;Чтения/2022-11 - Джон Готтман - 8 важных свиданий.md;8 важных свиданий;Джон Готтман;nonfiction;2022-11;;;
Non-fiction/Джон Перкинс. Исповедь экономического убийцы.md;Карточки/Джон Перкинс - Исповедь экономического убийцы.md;Чтения/2023-08-27 - Джон Перкинс - Исповедь экономического убийцы.md;Исповедь экономического убийцы;Джон Перкинс;nonfiction;2023-08-27;;;
Non-fiction/Дмитрий Верищагин/01. Освобождение.md;Карточки/Дмитрий Верещагин - Освобождение.md;Чтения/2020-08 - Дмитрий Верещагин - Освобождение.md;Освобождение;Дмитрий Верещагин;nonfiction;2020-08;;Школа Дальнейшего Энерго-Информационного Развития;1
Non-fiction/Дмитрий Верищагин/02. Становление.md;Карточки/Дмитрий Верещагин - Становление.md;Чтения/2020-08 - Дмитрий Верещагин - Становление.md;Становление;Дмитрий Верещагин;nonfiction;2020-08;;Школа Дальнейшего Энерго-Информационного Развития;2
Non-fiction/Дмитрий Верищагин/03. Влияние.md;Карточки/Дмитрий Верещагин - Влияние.md;Чтения/2020-08 - Дмитрий Верещагин - Влияние.md;Влияние;Дмитрий Верещагин;nonfiction;2020-08;;Школа Дальнейшего Энерго-Информационного Развития;3
Non-fiction/Дмитрий Верищагин/04. Зрелость.md;Карточки/Дмитрий Верещагин - Зрелость.md;Чтения/2020-08 - Дмитрий Верещагин - Зрелость.md;Зрелость;Дмитрий Верещагин;nonfiction;2020-08;;Школа Дальнейшего Энерго-Информационного Развития;4
Non-fiction/Дмитрий Верищагин/05. Уверенность..md;Карточки/Дмитрий Верещагин - Уверенность.md;Чтения/2020-08 - Дмитрий Верещагин - Уверенность.md;Уверенность.;Дмитрий Верещагин;nonfiction;2020-08;;Школа Дальнейшего Энерго-Информационного Развития;5
Non-fiction/Дмитрий Верищагин/06. Мудрость. Часть 1.md;Карточки/Дмитрий Верещагин - Мудрость. Часть 1.md;Чтения/2020-08 - Дмитрий Верещагин - Мудрость. Часть 1.md;Мудрость. Часть 1;Дмитрий Верещагин;nonfiction;2020-08;;Школа Дальнейшего Энерго-Информационного Развития;6
Non-fiction/Дмитрий Верищагин/07. Мудрость. Часть 2.md;Карточки/Дмитрий Верещагин - Мудрость. Часть 2.md;Чтения/2020-08 - Дмитрий Верещагин - Мудрость. Часть 2.md;Мудрость. Часть 2;Дмитрий Верещагин;nonfiction;2020-08;;Школа Дальнейшего Энерго-Информационного Развития;7
Non-fiction/Дмитрий Верищагин/08. Техника одушевления предметов.md;Карточки/Дмитрий Верещагин - Техника одушевления предметов.md;Чтения/2022-02 - Дмитрий Верещагин - Техника одушевления предметов.md;Техника одушевления предметов;Дмитрий Верещагин;nonfiction;2022-02;;Школа Дальнейшего Энерго-Информационного Развития;8
Non-fiction/Дмитрий Жуков. Стой, кто ведет. Биология поведения человека и других зверей.md;Карточки/Дмитрий Жуков - Стой, кто ведет. Биология поведения человека и других зверей.md;Чтения/2025-05-10 - Дмитрий Жуков - Стой, кто ведет. Биология поведения человека и других зверей.md;Стой, кто ведет. Биология поведения человека и других зверей;Дмитрий Жуков;nonfiction;2025-05-10;;;
Non-fiction/Дэн Гарднер. Думай медленно - предсказывай точно.md;Карточки/Дэн Гарднер - Думай медленно - предсказывай точно.md;Чтения/2022-09-02 - Дэн Гарднер - Думай медленно - предсказывай точно.md;Думай медленно - предсказывай точно;Дэн Гарднер;nonfiction;2022-09-02;;;
Non-fiction/Ицхак Пинтосевич/Влияй! 7 заповедей лидера.md;Карточки/Ицхак Пинтосевич - Влияй! 7 заповедей лидера.md;Чтения/2020-02 - Ицхак Пинтосевич - Влияй! 7 заповедей лидера.md;Влияй! 7 заповедей лидера;Ицхак Пинтосевич;nonfiction;2020-02;;;
Non-fiction/Ицхак Пинтосевич/Действуй! 10 заповедей успеха.md;Карточки/Ицхак Пинтосевич - Действуй! 10 заповедей успеха.md;Чтения/2020-02 - Ицхак Пинтосевич - Действуй! 10 заповедей успеха.md;Действуй! 10 заповедей успеха;Ицхак Пинтосевич;nonfiction;2020-02;;;
Non-fiction/Карен Прайор. Не рычите на собаку.md;Карточки/Карен Прайор - Не рычите на собаку. Книга о дрессировке людей, животных и самого себя.md;Чтения/2020-12 - Карен Прайор - Не рычите на собаку. Книга о дрессировке людей, животных и самого себя.md;Не рычите на собаку. Книга о дрессировке людей, животных и самого себя;Карен Прайор;nonfiction;2020-12;;;
Non-fiction/Келли Макгонигал. Сила воли. Как развить и укрепить.md;Карточки/Келли Макгонигал - Сила воли. Как развить и укрепить.md;Чтения/2021-02 - Келли Макгонигал - Сила воли. Как развить и укрепить.md;Сила воли. Как развить и укрепить;Келли Макгонигал;nonfiction;2021-02;;;
Non-fiction/Ларри Кинг. Как разговаривать с кем угодно, когда угодно и где угодно.md;Карточки/Ларри Кинг - Как разговаривать с кем угодно, когда угодно и где угодно.md;Чтения/2022-07 - Ларри Кинг - Как разговаривать с кем угодно, когда угодно и где угодно.md;Как разговаривать с кем угодно, когда угодно и где угодно;Ларри Кинг;nonfiction;2022-07;;;
Non-fiction/Леон Гервей де Сен. Сновидения и способы ими управлять.md;Карточки/Леон Гервей де Сен - Сновидения и способы ими управлять.md;Чтения/2024-03-17 - Леон Гервей де Сен - Сновидения и способы ими управлять.md;Сновидения и способы ими управлять;Леон Гервей де Сен;nonfiction;2024-03-17;;;
Non-fiction/Майкл Льюис. Покер лжецов. Откровения с Уолл-стрит.md;Карточки/Майкл Льюис - Покер лжецов. Откровения с Уолл-стрит.md;Чтения/2020-12-24 - Майкл Льюис - Покер лжецов. Откровения с Уолл-стрит.md;Покер лжецов. Откровения с Уолл-стрит;Майкл Льюис;nonfiction;2020-12-24;;;
Non-fiction/Михаил Веллер. Приключения майора Звягина.md;Карточки/Михаил Веллер - Приключения майора Звягина.md;Чтения/2024-12-20 - Михаил Веллер - Приключения майора Звягина.md;Приключения майора Звягина;Михаил Веллер;nonfiction;2024-12-20;;;
Non-fiction/Мэттью Дж. Ван Натта. Спокойствие. Стоицизм – путь мудреца.md;Карточки/Мэттью Дж. Ван Натта - Спокойствие. Стоицизм – путь мудреца.md;Чтения/2021-01-15 - Мэттью Дж. Ван Натта - Спокойствие. Стоицизм – путь мудреца.md;Спокойствие. Стоицизм – путь мудреца;Мэттью Дж. Ван Натта;nonfiction;2021-01-15;;;
Non-fiction/Мэттью Макконахи. Зеленый свет.md;Карточки/Мэттью Макконахи - Зеленый свет.md;Чтения/2026-02-16 - Мэттью Макконахи - Зеленый свет.md;Зеленый свет;Мэттью Макконахи;nonfiction;2026-02-16;;;
Non-fiction/Нагоски Эмилия. Как хочет женщина.md;Карточки/Нагоски Эмилия - Как хочет женщина. Мастер-класс по науке секса.md;Чтения/2022-04 - Нагоски Эмилия - Как хочет женщина. Мастер-класс по науке секса.md;Как хочет женщина. Мастер-класс по науке секса;Нагоски Эмилия;nonfiction;2022-04;;;
Non-fiction/Нил Барнард. Питание для мозга.md;Карточки/Нил Барнард - Питание для мозга. Эффективная пошаговая методика для усиления эффективности работы мозга и укрепления памяти.md;Чтения/2024-09-26 - Нил Барнард - Питание для мозга. Эффективная пошаговая методика для усиления эффективности работы мозга и укрепления памяти.md;Питание для мозга. Эффективная пошаговая методика для усиления эффективности работы мозга и укрепления памяти;Нил Барнард;nonfiction;2024-09-26;;;
Non-fiction/Олдос Хаксли. Как исправить зрение.md;Карточки/Олдос Хаксли - Как исправить зрение.md;Чтения/2022-02 - Олдос Хаксли - Как исправить зрение.md;Как исправить зрение;Олдос Хаксли;nonfiction;2022-02;;;
Non-fiction/Петр Образцов. АнтиМулдашев.md;Карточки/Петр Образцов - АнтиМулдашев. От кого произошел уфимский офтальмолог-.md;Чтения/2025-02-10 - Петр Образцов - АнтиМулдашев. От кого произошел уфимский офтальмолог-.md;АнтиМулдашев. От кого произошел уфимский офтальмолог?;Петр Образцов;nonfiction;2025-02-10;;;
Non-fiction/Питер Браун. Запомнить всё. Усвоение знаний без скуки и зубрежки.md;Карточки/Питер Браун - Запомнить всё- Усвоение знаний без скуки и зубрежки.md;Чтения/2024-09-30 - Питер Браун - Запомнить всё- Усвоение знаний без скуки и зубрежки.md;Запомнить всё: Усвоение знаний без скуки и зубрежки;Питер Браун;nonfiction;2024-09-30;;;
Non-fiction/Райан Холидей. Препятствие как путь.md;Карточки/Райан Холидей - Препятствие как путь.md;Чтения/2025-01-11 - Райан Холидей - Препятствие как путь.md;Препятствие как путь;Райан Холидей;nonfiction;2025-01-11;;;
Non-fiction/Ричард Нисбетт. Мозгоускорители. Как научиться эффективно мыслить, используя приемы из разных наук.md;Карточки/Ричард Нисбетт - Мозгоускорители. Как научиться эффективно мыслить, используя приемы из разных наук.md;Чтения/2025-01-10 - Ричард Нисбетт - Мозгоускорители. Как научиться эффективно мыслить, используя приемы из разных наук.md;Мозгоускорители. Как научиться эффективно мыслить, используя приемы из разных наук;Ричард Нисбетт;nonfiction;2025-01-10;;;
Non-fiction/Роберт Кийосаки. Квадрант денежного потока.md;Карточки/Роберт Кийосаки - Квадрант денежного потока.md;Чтения/2023-08 - Роберт Кийосаки - Квадрант денежного потока.md;Квадрант денежного потока;Роберт Кийосаки;nonfiction;2023-08;;;
Non-fiction/Роберт Мастерс. Нейроречь.md;Карточки/Роберт Мастерс - Нейроречь. Преображает ваше тело в процессе чтения.md;Чтения/2023-02 - Роберт Мастерс - Нейроречь. Преображает ваше тело в процессе чтения.md;Нейроречь. Преображает ваше тело в процессе чтения;Роберт Мастерс;nonfiction;2023-02;;;
Non-fiction/Роберт Сапольски/Биология добра и зла.md;Карточки/Роберт Сапольски - Биология добра и зла. Как наука объясняет наши поступки.md;Чтения/2025-05-08 - Роберт Сапольски - Биология добра и зла. Как наука объясняет наши поступки.md;Биология добра и зла. Как наука объясняет наши поступки;Роберт Сапольски;nonfiction;2025-05-08;;;
Non-fiction/Роберт Сапольски/Биология поведения человека/01. Введение.md;Карточки/Роберт Сапольски - Введение.md;Чтения/2022-01 - Роберт Сапольски - Введение.md;Введение;Роберт Сапольски;nonfiction;2022-01;;Биология поведения человека;1
Non-fiction/Роберт Сапольски/Биология поведения человека/02. Эволюция поведения. Часть 1.md;Карточки/Роберт Сапольски - Эволюция поведения. Часть 1.md;Чтения/2022-01 - Роберт Сапольски - Эволюция поведения. Часть 1.md;Эволюция поведения. Часть 1;Роберт Сапольски;nonfiction;2022-01;;Биология поведения человека;2
Non-fiction/Роберт Сапольски/Биология поведения человека/03. Эволюция поведения. Часть 2.md;Карточки/Роберт Сапольски - Эволюция поведения. Часть 2.md;Чтения/2022-01 - Роберт Сапольски - Эволюция поведения. Часть 2.md;Эволюция поведения. Часть 2;Роберт Сапольски;nonfiction;2022-01;;Биология поведения человека;3
Non-fiction/Роберт Сапольски/Биология поведения человека/04. Молекулярная генетика. Часть 1.md;Карточки/Роберт Сапольски - Молекулярная генетика. Часть 1.md;Чтения/2022-01 - Роберт Сапольски - Молекулярная генетика. Часть 1.md;Молекулярная генетика. Часть 1;Роберт Сапольски;nonfiction;2022-01;;Биология поведения человека;4
Non-fiction/Роберт Чалдини. Психология влияния.md;Карточки/Роберт Чалдини - Психология влияния.md;Чтения/2025-05-11 - Роберт Чалдини - Психология влияния.md;Психология влияния;Роберт Чалдини;nonfiction;2025-05-11;;;
Non-fiction/Сергей Петрушин/100 ловушек в личной жизни.md;Карточки/Сергей Петрушин - 100 ловушек в личной жизни.md;Чтения/2020-02 - Сергей Петрушин - 100 ловушек в личной жизни.md;100 ловушек в личной жизни;Сергей Петрушин;nonfiction;2020-02;;;
Non-fiction/Сергей Петрушин/Забей! Как перестать сомневаться в себе и начать жить по полной.md;Карточки/Сергей Петрушин - Забей! Как перестать сомневаться в себе и начать жить по полной.md;Чтения/2020-02 - Сергей Петрушин - Забей! Как перестать сомневаться в себе и начать жить по полной.md;Забей! Как перестать сомневаться в себе и начать жить по полной.;Сергей Петрушин;nonfiction;2020-02;;;
Non-fiction/Сергей Петрушин/Почему любят одних.md;Карточки/Сергей Петрушин - Почему любят одних.md;Чтения/2020-02 - Сергей Петрушин - Почему любят одних.md;Почему любят одних;Сергей Петрушин;nonfiction;2020-02;;;
Non-fiction/Сергей Петрушин/Счастья в личной жизни.md;Карточки/Сергей Петрушин - Счастья в личной жизни.md;Чтения/2020-02 - Сергей Петрушин - Счастья в личной жизни.md;Счастья в личной жизни;Сергей Петрушин;nonfiction;2020-02;;;
Non-fiction/Стивен Д'Соуза. Дайана Реннер. Не в знании сила. Как сомнения помогают нам развиваться.md;Карточки/Стивен Д'Соуза - Не в знании сила. Как сомнения помогают нам развиваться.md;Чтения/2021-10-04 - Стивен Д'Соуза - Не в знании сила. Как сомнения помогают нам развиваться.md;Не в знании сила. Как сомнения помогают нам развиваться;Стивен Д'Соуза | Дайана Реннер;nonfiction;2021-10-04;;;
Non-fiction/Сьюзен Джефферс. Бойся но действуй.md;Карточки/Сьюзен Джефферс - Бойся но действуй.md;Чтения/2022-07 - Сьюзен Джефферс - Бойся но действуй.md;Бойся но действуй;Сьюзен Джефферс;nonfiction;2022-07;;;
Non-fiction/Тимоти Феррис. Инструменты гигантов.md;Карточки/Тимоти Феррис - Инструменты гигантов.md;Чтения/2024-06-05 - Тимоти Феррис - Инструменты гигантов.md;Инструменты гигантов;Тимоти Феррис;nonfiction;2024-06-05;;;
Non-fiction/Тимоти Феррис. Как работать по 4 часа.md;Карточки/Тимоти Феррис - Как работать по 4 часа в неделю и при этом не торчать в офисе -от звонка до звонка-, жить где угодно и богатеть.md;Чтения/2024-06-05 - Тимоти Феррис - Как работать по 4 часа в неделю и при этом не торчать в офисе -от звонка до звонка-, жить где угодно и богатеть.md;"Как работать по 4 часа в неделю и при этом не торчать в офисе ""от звонка до звонка"", жить где угодно и богатеть";Тимоти Феррис;nonfiction;2024-06-05;;;
Non-fiction/Халил Рафати. Я забыл умереть.md;Карточки/Халил Рафати - Я забыл умереть.md;Чтения/2026-02-16 - Халил Рафати - Я забыл умереть.md;Я забыл умереть;Халил Рафати;nonfiction;2026-02-16;;;
Non-fiction/Элиезер Юдковски. Таинственные ответы на таинственные вопросы.md;Карточки/Элиезер Юдковски - Таинственные ответы на таинственные вопросы.md;Чтения/2025-11-02 - Элиезер Юдковски - Таинственные ответы на таинственные вопросы.md;Таинственные ответы на таинственные вопросы;Элиезер Юдковски;nonfiction;2025-11-02;;;
Non-fiction/Энни Дьюк. Принцип ставок. Как принимать решения в условиях неопределенности.md;Карточки/Энни Дьюк - Принцип ставок. Как принимать решения в условиях неопределенности.md;Чтения/2022-08 - Энни Дьюк - Принцип ставок. Как принимать решения в условиях неопределенности.md;Принцип ставок. Как принимать решения в условиях неопределенности;Энни Дьюк;nonfiction;2022-08;;;
Non-fiction/Эрик Берн. Игры в которые играют люди.md;Карточки/Эрик Берн - Игры в которые играют люди.md;Чтения/2025-06-11 - Эрик Берн - Игры в которые играют люди.md;Игры в которые играют люди;Эрик Берн;nonfiction;2025-06-11;;;
Художественные/Артур Кларк. Стрела времени.md;Карточки/Артур Кларк - Стрела времени.md;Чтения/2026-09-12 - Артур Кларк - Стрела времени.md;Стрела времени;Артур Кларк;fiction;2026-09-12;4;;
Художественные/Бернар Вербер/Танатонавты. Империя ангелов.md;Карточки/Бернар Вербер - Империя ангелов.md;Чтения/2024-09-20 - Бернар Вербер - Империя ангелов.md;Империя ангелов;Бернар Вербер;fiction;2024-09-20;5;Танатонавты;2
Художественные/Бернар Вербер/Танатонавты.md;Карточки/Бернар Вербер - Танатонавты.md;Чтения/2024-09-10 - Бернар Вербер - Танатонавты.md;Танатонавты;Бернар Вербер;fiction;2024-09-10;7;Танатонавты;1
Художественные/Виктор Пелевин/Затворник и шестипалый.md;Карточки/Виктор Пелевин - Затворник и шестипалый.md;Чтения/2025-07-16 - Виктор Пелевин - Затворник и шестипалый.md;Затворник и шестипалый;Виктор Пелевин;fiction;2025-07-16;7;;
Художественные/Виктор Пелевин/Чапаев и пустота.md;Карточки/Виктор Пелевин - Чапаев и пустота.md;Чтения/2024-10-12 - Виктор Пелевин - Чапаев и пустота.md;Чапаев и пустота;Виктор Пелевин;fiction;2024-10-12;9;;
Художественные/Виктор Пелевин/Числа.md;Карточки/Виктор Пелевин - Числа.md;Чтения/2022-09-26 - Виктор Пелевин - Числа.md;Числа;Виктор Пелевин;fiction;2022-09-26;4;;
Художественные/Герман Мелвилл/Моби Дик.md;Карточки/Герман Мелвилл - Моби Дик.md;Чтения/2025-10-20 - Герман Мелвилл - Моби Дик.md;Моби Дик;Герман Мелвилл;fiction;2025-10-20;7;;
Художественные/Герман Мелвилл/Ому.md;Карточки/Герман Мелвилл - Ому.md;Чтения/2025-11-10 - Герман Мелвилл - Ому.md;Ому;Герман Мелвилл;fiction;2025-11-10;4;;
Художественные/Герман Мелвилл/Тайпи.md;Карточки/Герман Мелвилл - Тайпи.md;Чтения/2025-11-01 - Герман Мелвилл - Тайпи.md;Тайпи;Герман Мелвилл;fiction;2025-11-01;6;;
Художественные/Данияр Сугралинов/22 несчастья.md;Карточки/Данияр Сугралинов - 22 несчастья.md;Чтения/2026-01-31 - Данияр Сугралинов - 22 несчастья.md;22 несчастья;Данияр Сугралинов;fiction;2026-01-31;8;;
Художественные/Данияр Сугралинов/99 мир.md;Карточки/Данияр Сугралинов - 99 мир.md;Чтения/2026-01-05 - Данияр Сугралинов - 99 мир.md;99 мир;Данияр Сугралинов;fiction;2026-01-05;4;;
Художественные/Данияр Сугралинов/Level UP.md;Карточки/Данияр Сугралинов - Level Up.md;Чтения/2021-02 - Данияр Сугралинов - Level Up.md;Level Up;Данияр Сугралинов;fiction;2021-02;8;;
Художественные/Данияр Сугралинов/Жатва душ.md;Карточки/Данияр Сугралинов - Жатва душ.md;Чтения/2025-12-20 - Данияр Сугралинов - Жатва душ.md;Жатва душ;Данияр Сугралинов;fiction;2025-12-20;6;;
Художественные/Данияр Сугралинов/Кирпичи 2.0.md;Карточки/Данияр Сугралинов - Кирпичи 2.0.md;Чтения/2010-09-01 - Данияр Сугралинов - Кирпичи 2.0.md;Кирпичи 2.0;Данияр Сугралинов;fiction;2010-09-01;10;;
Художественные/Джеймс Хилтон. Потерянный горизонт.md;Карточки/Джеймс Хилтон - Потерянный горизонт.md;Чтения/2025-10-01 - Джеймс Хилтон - Потерянный горизонт.md;Потерянный горизонт;Джеймс Хилтон;fiction;2025-10-01;8;;
Художественные/Джон Стейнбек. Золотая чаша.md;Карточки/Джон Стейнбек - Золотая чаша.md;Чтения/2018-02-04 - Джон Стейнбек - Золотая чаша.md;Золотая чаша;Джон Стейнбек;fiction;2018-02-04;8;;
Художественные/Дмитрий Глуховский/Метро 2033.md;Карточки/Дмитрий Глуховский - Метро 2033.md;Чтения/2023-07-16 - Дмитрий Глуховский - Метро 2033.md;Метро 2033;Дмитрий Глуховский;fiction;2023-07-16;6;;
Художественные/Дмитрий Глуховский/Метро 2034.md;Карточки/Дмитрий Глуховский - Метро 2034.md;Чтения/2023-07-16 - Дмитрий Глуховский - Метро 2034.md;Метро 2034;Дмитрий Глуховский;fiction;2023-07-16;6;;
Художественные/Дмитрий Глуховский/Метро 2035.md;Карточки/Дмитрий Глуховский - Метро 2035.md;Чтения/2023-07-16 - Дмитрий Глуховский - Метро 2035.md;Метро 2035;Дмитрий Глуховский;fiction;2023-07-16;8;;
Художественные/Дмитрий Глуховский/Пост 1, 2.md;Карточки/Дмитрий Глуховский - Пост 1, 2.md;Чтения/2023-07-31 - Дмитрий Глуховский - Пост 1, 2.md;Пост 1, 2;Дмитрий Глуховский;fiction;2023-07-31;4;;
Художественные/Лю Цысинь/Память о прошлом Земли. 01. Задача трёх тел.md;Карточки/Лю Цысинь - Задача трёх тел.md;Чтения/2023-11-16 - Лю Цысинь - Задача трёх тел.md;Задача трёх тел;Лю Цысинь;fiction;2023-11-16;10;Память о прошлом Земли;1
Художественные/Лю Цысинь/Память о прошлом Земли. 02. Тёмный лес.md;Карточки/Лю Цысинь - Тёмный лес.md;Чтения/2023-12-03 - Лю Цысинь - Тёмный лес.md;Тёмный лес;Лю Цысинь;fiction;2023-12-03;7;Память о прошлом Земли;2
Художественные/Лю Цысинь/Память о прошлом Земли. 03. Вечная жизнь смерти.md;Карточки/Лю Цысинь - Вечная жизнь смерти.md;Чтения/2023-12-19 - Лю Цысинь - Вечная жизнь смерти.md;Вечная жизнь смерти;Лю Цысинь;fiction;2023-12-19;6;Память о прошлом Земли;3
Художественные/Лю Цысинь/Память о прошлом Земли. 04. Шаровая молния.md;Карточки/Лю Цысинь - Шаровая молния.md;Чтения/2023-12-27 - Лю Цысинь - Шаровая молния.md;Шаровая молния;Лю Цысинь;fiction;2023-12-27;3;Память о прошлом Земли;4
Художественные/Лю Цысинь/Память о прошлом Земли. 05. Возрождение времени.md;Карточки/Лю Цысинь - Возрождение времени.md;Чтения/2024-01-10 - Лю Цысинь - Возрождение времени.md;Возрождение времени;Лю Цысинь;fiction;2024-01-10;7;Память о прошлом Земли;5
Художественные/Мариам Петросян Дом, в котором.md;Карточки/Мариам Петросян - Дом, в котором.md;Чтения/2026-09-05 - Мариам Петросян - Дом, в котором.md;Дом, в котором;Мариам Петросян;fiction;2026-09-05;7;;
Художественные/Олдос Хаксли/Банкет в честь Тиллотсона.md;Карточки/Олдос Хаксли - Банкет в честь Тиллотсона.md;Чтения/2025-04-02 - Олдос Хаксли - Банкет в честь Тиллотсона.md;Банкет в честь Тиллотсона;Олдос Хаксли;fiction;2025-04-02;;;
Художественные/Олдос Хаксли/Баночка румян.md;Карточки/Олдос Хаксли - Баночка румян.md;Чтения/2025-04-01 - Олдос Хаксли - Баночка румян.md;Баночка румян;Олдос Хаксли;fiction;2025-04-01;;;
Художественные/Олдос Хаксли/Безвкусица и литература.md;Карточки/Олдос Хаксли - Безвкусица и литература.md;Чтения/2025-06-01 - Олдос Хаксли - Безвкусица и литература.md;Безвкусица и литература;Олдос Хаксли;fiction;2025-06-01;;;
Художественные/Олдос Хаксли/В дороге.md;Карточки/Олдос Хаксли - В дороге.md;Чтения/2025-04-14 - Олдос Хаксли - В дороге.md;В дороге;Олдос Хаксли;fiction;2025-04-14;;;
Художественные/Олдос Хаксли/Волшебница крёстная.md;Карточки/Олдос Хаксли - Волшебница крёстная.md;Чтения/2025-04-03 - Олдос Хаксли - Волшебница крёстная.md;Волшебница крёстная;Олдос Хаксли;fiction;2025-04-03;;;
Художественные/Олдос Хаксли/Время должно остановится.md;Карточки/Олдос Хаксли - Время должно остановится.md;Чтения/2025-09-22 - Олдос Хаксли - Время должно остановится.md;Время должно остановится;Олдос Хаксли;fiction;2025-09-22;;;
Художественные/Олдос Хаксли/Гений и богиня.md;Карточки/Олдос Хаксли - Гений и богиня.md;Чтения/2025-05-27 - Олдос Хаксли - Гений и богиня.md;Гений и богиня;Олдос Хаксли;fiction;2025-05-27;;;
Художественные/Олдос Хаксли/Евпомп прославил искусство числами.md;Карточки/Олдос Хаксли - Эвпомп придал блеск искусству при помощи чисел.md;Чтения/2025-04-11 - Олдос Хаксли - Эвпомп придал блеск искусству при помощи чисел.md;Эвпомп придал блеск искусству при помощи чисел;Олдос Хаксли;fiction;2025-04-11;;;
Художественные/Олдос Хаксли/Жёлтый кром.md;Карточки/Олдос Хаксли - Жёлтый кром.md;Чтения/2025-04-15 - Олдос Хаксли - Жёлтый кром.md;Жёлтый кром;Олдос Хаксли;fiction;2025-04-15;;;
Художественные/Олдос Хаксли/И зажили они счастливо.md;Карточки/Олдос Хаксли - И жили они долго и счастливо.md;Чтения/2025-04-09 - Олдос Хаксли - И жили они долго и счастливо.md;И жили они долго и счастливо;Олдос Хаксли;fiction;2025-04-09;;;
Художественные/Олдос Хаксли/Книжная лавка.md;Карточки/Олдос Хаксли - Книжная лавка.md;Чтения/2025-04-10 - Олдос Хаксли - Книжная лавка.md;Книжная лавка;Олдос Хаксли;fiction;2025-04-10;;;
Художественные/Олдос Хаксли/Контрапункт.md;Карточки/Олдос Хаксли - Контрапункт.md;Чтения/2025-05-29 - Олдос Хаксли - Контрапункт.md;Контрапункт;Олдос Хаксли;fiction;2025-05-29;;;
Художественные/Олдос Хаксли/Маленький Архимед.md;Карточки/Олдос Хаксли - Маленький Архимед.md;Чтения/2025-04-04 - Олдос Хаксли - Маленький Архимед.md;Маленький Архимед;Олдос Хаксли;fiction;2025-04-04;;;
Художественные/Олдос Хаксли/Монашка к завтраку.md;Карточки/Олдос Хаксли - Монашка к завтраку.md;Чтения/2025-06-03 - Олдос Хаксли - Монашка к завтраку.md;Монашка к завтраку;Олдос Хаксли;fiction;2025-06-03;;;
Художественные/Олдос Хаксли/О дивный новый мир.md;Карточки/Олдос Хаксли - О дивный новый мир.md;Чтения/2025-05-25 - Олдос Хаксли - О дивный новый мир.md;О дивный новый мир;Олдос Хаксли;fiction;2025-05-25;;;
Художественные/Олдос Хаксли/Обезьяна и сущность.md;Карточки/Олдос Хаксли - Обезьяна и сущность.md;Чтения/2025-05-30 - Олдос Хаксли - Обезьяна и сущность.md;Обезьяна и сущность;Олдос Хаксли;fiction;2025-05-30;;;
Художественные/Олдос Хаксли/Остров.md;Карточки/Олдос Хаксли - Остров.md;Чтения/2025-07-02 - Олдос Хаксли - Остров.md;Остров;Олдос Хаксли;fiction;2025-07-02;;;
Художественные/Олдос Хаксли/Писатели и читатели.md;Карточки/Олдос Хаксли - Писатели и читатели.md;Чтения/2025-07-02 - Олдос Хаксли - Писатели и читатели.md;Писатели и читатели;Олдос Хаксли;fiction;2025-07-02;;;
Художественные/Олдос Хаксли/Портрет.md;Карточки/Олдос Хаксли - Портрет.md;Чтения/2025-04-05 - Олдос Хаксли - Портрет.md;Портрет;Олдос Хаксли;fiction;2025-04-05;;;
Художественные/Олдос Хаксли/Слепец в газе.md;Карточки/Олдос Хаксли - Слепец в газе.md;Чтения/2025-08-29 - Олдос Хаксли - Слепец в газе.md;Слепец в газе;Олдос Хаксли;fiction;2025-08-29;;;
Художественные/Олдос Хаксли/Смерть Лулли.md;Карточки/Олдос Хаксли - Смерть Лулли.md;Чтения/2025-04-12 - Олдос Хаксли - Смерть Лулли.md;Смерть Лулли;Олдос Хаксли;fiction;2025-04-12;;;
Художественные/Олдос Хаксли/Улыбка Джоконды.md;Карточки/Олдос Хаксли - Улыбка Джоконды.md;Чтения/2025-04-06 - Олдос Хаксли - Улыбка Джоконды.md;Улыбка Джоконды;Олдос Хаксли;fiction;2025-04-06;;;
Художественные/Олдос Хаксли/Фарсовая история Ричарда Гриноу.md;Карточки/Олдос Хаксли - Фарсовая история Ричарда Гриноу.md;Чтения/2025-04-07 - Олдос Хаксли - Фарсовая история Ричарда Гриноу.md;Фарсовая история Ричарда Гриноу;Олдос Хаксли;fiction;2025-04-07;;;
Художественные/Олдос Хаксли/Цинтия.md;Карточки/Олдос Хаксли - Цинтия.md;Чтения/2025-04-08 - Олдос Хаксли - Цинтия.md;Цинтия;Олдос Хаксли;fiction;2025-04-08;;;
Художественные/Олдос Хаксли/Шутовской хоровод.md;Карточки/Олдос Хаксли - Шутовской хоровод.md;Чтения/2025-04-13 - Олдос Хаксли - Шутовской хоровод.md;Шутовской хоровод;Олдос Хаксли;fiction;2025-04-13;;;
Художественные/Рафаэль Сабатини. Одиссея капитана Блада.md;Карточки/Рафаэль Сабатини - Одиссея капитана Блада.md;Чтения/2025-10-10 - Рафаэль Сабатини - Одиссея капитана Блада.md;Одиссея капитана Блада;Рафаэль Сабатини;fiction;2025-10-10;8;;
Художественные/Рей Бредбери. День первый.md;Карточки/Рей Бредбери - День первый.md;Чтения/2026-09-12 - Рей Бредбери - День первый.md;День первый;Рей Бредбери;fiction;2026-09-12;6;;
Художественные/Рей Бредбери. Остров.md;Карточки/Рей Бредбери - Остров.md;Чтения/2026-09-12 - Рей Бредбери - Остров.md;Остров;Рей Бредбери;fiction;2026-09-12;5;;
Художественные/Роберт Артур. Упрямый дядюшка Отис.md;Карточки/Роберт Артур - Упрямый дядюшка Отис.md;Чтения/2026-09-12 - Роберт Артур - Упрямый дядюшка Отис.md;Упрямый дядюшка Отис;Роберт Артур;fiction;2026-09-12;1;;
Художественные/Роберт Силверберг. На Земле хорошо, а дома лучше.md;Карточки/Роберт Силверберг - На Земле хорошо, а дома лучше.md;Чтения/2026-09-12 - Роберт Силверберг - На Земле хорошо, а дома лучше.md;На Земле хорошо, а дома лучше;Роберт Силверберг;fiction;2026-09-12;3;;
Художественные/Роберт Силверберг. На перепутье.md;Карточки/Роберт Силверберг - На перепутье.md;Чтения/2026-09-12 - Роберт Силверберг - На перепутье.md;На перепутье;Роберт Силверберг;fiction;2026-09-12;5;;
Художественные/Сергей Лукьяненко/Конкуренты.md;Карточки/Сергей Лукьяненко - Конкуренты.md;Чтения/2022-05-12 - Сергей Лукьяненко - Конкуренты.md;Конкуренты;Сергей Лукьяненко;fiction;2022-05-12;8;;
Художественные/Сергей Лукьяненко/Маги без времени.md;Карточки/Сергей Лукьяненко - Маги без времени.md;Чтения/2022-05 - Сергей Лукьяненко - Маги без времени.md;Маги без времени;Сергей Лукьяненко;fiction;2022-05;7;;
Художественные/Стивен Кинг/Гретель.md;Карточки/Стивен Кинг - Гретель.md;Чтения/2026-09-06 - Стивен Кинг - Гретель.md;Гретель;Стивен Кинг;fiction;2026-09-06;6;;
Художественные/Стивен Кинг/Нищий и алмаз.md;Карточки/Стивен Кинг - Нищий и алмаз.md;Чтения/2026-09-09 - Стивен Кинг - Нищий и алмаз.md;Нищий и алмаз;Стивен Кинг;fiction;2026-09-09;8;;
Художественные/Тимур Ильясов/Знамение. 1. Начало.md;Карточки/Тимур Ильясов - Начало.md;Чтения/2023-08-18 - Тимур Ильясов - Начало.md;Начало;Тимур Ильясов;fiction;2023-08-18;6;Знамение;1
Художественные/Тимур Ильясов/Знамение. 2. Час Икс.md;Карточки/Тимур Ильясов - Час Икс.md;Чтения/2023-08-25 - Тимур Ильясов - Час Икс.md;Час Икс;Тимур Ильясов;fiction;2023-08-25;3;Знамение;2
Художественные/Тимур Ильясов/Знамение. 3. Вертиго.md;Карточки/Тимур Ильясов - Вертиго.md;Чтения/2023-08-26 - Тимур Ильясов - Вертиго.md;Вертиго;Тимур Ильясов;fiction;2023-08-26;4;Знамение;3
Художественные/Тимур Ильясов/Знамение. 4. Вторжение.md;Карточки/Тимур Ильясов - Вторжение.md;Чтения/2023-08-30 - Тимур Ильясов - Вторжение.md;Вторжение;Тимур Ильясов;fiction;2023-08-30;6;Знамение;4
Художественные/Тия Александер. Год 2150.md;Карточки/Тия Александер - Год 2150.md;Чтения/2022-05-23 - Тия Александер - Год 2150.md;Год 2150;Тия Александер;fiction;2022-05-23;8;;
Художественные/Филип Пулман/Тёмные начала. 01. Северное сияние.md;Карточки/Филип Пулман - Северное сияние.md;Чтения/2023-09-04 - Филип Пулман - Северное сияние.md;Северное сияние;Филип Пулман;fiction;2023-09-04;7;Тёмные начала;1
Художественные/Филип Пулман/Тёмные начала. 02. Чудесный нож.md;Карточки/Филип Пулман - Чудесный нож.md;Чтения/2023-09-08 - Филип Пулман - Чудесный нож.md;Чудесный нож;Филип Пулман;fiction;2023-09-08;8;Тёмные начала;2
Художественные/Филип Пулман/Тёмные начала. 03. Янтарный телескоп.md;Карточки/Филип Пулман - Янтарный телескоп.md;Чтения/2023-09-25 - Филип Пулман - Янтарный телескоп.md;Янтарный телескоп;Филип Пулман;fiction;2023-09-25;7;Тёмные начала;3
Художественные/Чак Паланик. Удушье.md;Карточки/Чак Паланик - Удушье.md;Чтения/2021-01 - Чак Паланик - Удушье.md;Удушье;Чак Паланик;fiction;2021-01;6;;
Художественные/Чарльз Буковски/Генри Чинасски. 01. Почтамт.md;Карточки/Чарльз Буковски - Почтамт.md;Чтения/2023-03-05 - Чарльз Буковски - Почтамт.md;Почтамт;Чарльз Буковски;fiction;2023-03-05;8;Генри Чинасски;1
Художественные/Чарльз Буковски/Генри Чинасски. 02. Фактотум.md;Карточки/Чарльз Буковски - Фактотум.md;Чтения/2023-03-10 - Чарльз Буковски - Фактотум.md;Фактотум;Чарльз Буковски;fiction;2023-03-10;5;Генри Чинасски;2
Художественные/Чарльз Буковски/Генри Чинасски. 03. Женщины.md;Карточки/Чарльз Буковски - Женщины.md;Чтения/2023-03-01 - Чарльз Буковски - Женщины.md;Женщины;Чарльз Буковски;fiction;2023-03-01;4;Генри Чинасски;3
Художественные/Чарльз Буковски/Генри Чинасски. 04. Хлеб с ветчиной.md;Карточки/Чарльз Буковски - Хлеб с ветчиной.md;Чтения/2023-03-10 - Чарльз Буковски - Хлеб с ветчиной.md;Хлеб с ветчиной;Чарльз Буковски;fiction;2023-03-10;8;Генри Чинасски;4
Художественные/Чарльз Буковски/Генри Чинасски. 05. Голливуд.md;Карточки/Чарльз Буковски - Голливуд.md;Чтения/2023-03-15 - Чарльз Буковски - Голливуд.md;Голливуд;Чарльз Буковски;fiction;2023-03-15;3;Генри Чинасски;5
